{"cameraMode":{"drawMode":0,"name":"Shaded","section":"Shading Mode"},"sceneLighting":true,"audioPlay":false,"sceneViewState":{"showFog":true,"showMaterialUpdate":false,"showSkybox":true,"showFlares":true,"showImageEffects":true,"showParticleSystems":true},"in2DMode":false,"pivot":{"x":200.94686889648438,"y":-5.544132232666016,"z":571.2095947265625},"rotation":{"x":-0.24309282004833222,"y":0.6618679165840149,"z":-0.24129894375801087,"w":-0.6671797037124634},"size":36.53181457519531,"orthographic":false}