{"cameraMode":{"drawMode":0,"name":"Shaded","section":"Shading Mode"},"sceneLighting":false,"audioPlay":false,"sceneViewState":{"showFog":true,"showMaterialUpdate":false,"showSkybox":false,"showFlares":true,"showImageEffects":true,"showParticleSystems":true},"in2DMode":false,"pivot":{"x":1.1906862258911133,"y":1.0262463092803956,"z":0.0684441551566124},"rotation":{"x":0.04006090760231018,"y":0.5066312551498413,"z":0.02357630245387554,"w":-0.8609118461608887},"size":4.439725399017334,"orthographic":false}